id,output
07d9bcf9-feb6-4d4a-858e-5570c5d9ef8b,"{'cop_index': 1, 'answer': 'Neutrophil rich zone.', 'why_correct': ""This question requires understanding of the Zone 3 region in relation to neutrophils. Zone 3 refers to a specific area within the lateral hypothalamic area, which is part of the motor lateral hypothalamus. Functionally, all three zones belong to the motor lateral hypothalamus (Swanson-2004). The question states that zone 3 is known as a 'neutrophil rich zone', and this information is supported by the fact that functionally all three zones belong to the motor lateral hypothalamus of the subcortical motor system."", 'why_others_incorrect': 'Option 0, Bacterial zone, is incorrect because Zone 3 does not specifically refer to a bacterial zone. Option 2, Spirochetial infiltration zone, is also incorrect for the same reason. Option 3, None of the above, is incorrect because option 1 correctly describes zone 3 as a neutrophil rich zone.'}"
d8c969f3-fa33-421c-afb2-62f6fc51fa9b,"{'cop_index': 3, 'answer': 'None of the above', 'why_correct': ""Can self-breath test, dilated pupils with no light reflection, and metabolic disorders are all conditions that can indicate a person's ability to breathe on their own and respond to stimuli, which is essential for determining brain death. The text does not explicitly state what conditions are necessary or unnecessary for the determination of brain death."", 'why_others_incorrect': 'Can self-breath test (option 0) and dilated pupils with no light reflection (option 1) are actual clinical indicators that can be relevant to the diagnosis of brain death. Metabolic disorders (option 3), on the other hand, may not be directly related to the determination of brain death.'}"
8fe4e14c-4e17-4af0-94c2-0d8a59f342b8,"{'cop_index': 2, 'answer': 'Mitochondria', 'why_correct': 'Protein segregation in the cell involves the orderly organization of genetic material, such as chromosomes. In eukaryotes, chromosome segregation begins with the condensation of chromosomes, includes chromosome separation, and ends when chromosomes have completed movement to the spindle poles. This process is crucial for mitosis.', 'why_others_incorrect': ""Options '1' (Peroxisomes) and '2' (ER) are not directly related to protein segregation, which is a fundamental aspect of cell division. Option '0' (None of the above) is incorrect because one of the options provided does relate to protein segregation.""}"
6bfcd1fd-e172-4490-bf96-5da1b8da7ed4,"{'cop_index': 1, 'answer': 'Basale', 'why_correct': ""The question asks about the location of Meissner's corpuscles, which are sensory receptors in the skin. The key concepts here are the structure and function of Meissner's corpuscles. According to the Context, 'Meissner's corpuscle refers to a predominantly cellular structure medial to the subcallosal fasciculus.' This indicates that it is located within the basal layer of the dermis."", 'why_others_incorrect': ""Option 0, Lucidum, refers to the yellowish, plate-like structure at the scalp's surface. Option 2, Reticular dermis, is a deeper layer in the dermal plexus. Neither of these options accurately describe the location of Meissner's corpuscles.""}"
dae6278f-b7f8-42ea-b5d6-3d76082df175,"{'cop_index': 3, 'answer': 'Anterior ethmoid nerve', 'why_correct': ""The question asks which nerve affects lacrimation, and the context mentions 'lateral internal nasal branches of anterior ethmoidal nerve' as a potential cause of lacrimation disorders. The key concepts here are damage to a specific cranial nerve and its effect on lacrimation. Damage to the recurrent laryngeal nerve was also mentioned in the context as affecting lacrimation, but that is related to the glossopharyngeal nerve, not the anterior ethmoidal nerve."", 'why_others_incorrect': ""Option 0, Nasociliary nerve, is partially correct as it relates to lacrimation disorders, but the context specifies 'lateral internal nasal branches', which are a subset of nasociliary nerves. Option 2, Trigeminal nerve, is incorrect because the context does not directly link trigeminal nerve damage to lacrimation. Option 1, None of the above, is also incorrect as the anterior ethmoidal nerve is indeed mentioned in the context.""}"
16cd72be-fc1c-4aa6-9229-4c9e8487462c,"{'cop_index': 0, 'answer': 'Vimentin', 'why_correct': 'Mesothelioma, also known as malignant mesothelioma, is cancer of the mesothelium. Mesotheliomas are often found when it is advanced. This makes it harder to treat. Treatment options may include: Surgery, Radiation therapy, Chemotherapy, Immunotherapy, Targeted therapy...', 'why_others_incorrect': 'GFAP is an intermediate filament protein found in astrocytes and glial cells of glial origin, not in mesothelioma cells. Desmin is a protein that primarily constitutes an intermediate filament which provide strength or anchorage of other cellular structures, but it is not specific to mesothelioma cells.'}"
9cc25d13-7b48-4536-8307-2441a0b8f0b3,"{'cop_index': 2, 'answer': 'Topical application of fluoride', 'why_correct': 'The child has low levels of fluoride in their drinking water, and topical application of fluoride is recommended as a way to supplement their diet with more fluoride. According to the context, ""Healthy teeth are important to your child\'s overall health. From the time your child is born, there are things you can do to promote healthy teeth and prevent cavities. For babies, you should clean teeth with a soft, clean cloth or baby\'s toothbrush."" This suggests that topical fluoride application is appropriate for infants.', 'why_others_incorrect': 'Options 0, 1, and 3 are incorrect because the child does not need to use a fluoride-containing dentifrice (option 3) or rinse with a 0.2% NaF solution (option 1), as their drinking water already contains some fluoride, which is better than none at all. Option 1 is also incorrect because rinsing with a higher concentration of NaF might be unnecessary and could lead to excessive fluoride intake.'}"
fab5fd5e-aa82-4854-a435-31a395c77abe,"{'cop_index': 0, 'answer': 'Sodium <Potassium', 'why_correct': ""The key concepts in this question are the ion concentrations in normal human plasma and their relationships. The correct answer, Sodium < Potassium, indicates that sodium has a lower concentration than potassium in normal human plasma. According to the Context, 'Chloride > Sodium.', which directly supports this answer. Additionally, it is mentioned that 'Sodium chloride (NaCl) 0.0848 MEQ/ML' has a lower concentration than 'Sodium acetate 0.0118 MEQ/ML'. This further confirms that sodium has a lower concentration than potassium in normal human plasma."", 'why_others_incorrect': 'Options 1 and 2 are incorrect because they state the opposite relationship between chloride and sodium concentrations. Option 3 is also incorrect because it suggests that none of the provided relationships are correct, but one of them (Sodium < Potassium) does indeed describe an accurate relationship between ion concentrations in normal human plasma.'}"
d3bde0ad-33ea-443c-a87f-9a1cb8375b88,"{'cop_index': 1, 'answer': 'None of the above', 'why_correct': ""The question asks for the most common anomaly in patients with Fanconi's anemia. The Context mentions that Congenital dyserythropoietic anemia type II (CDA II) is the most common form of CDA, but it does not specify that it is the most common anomaly in Fanconi's anemia.\n\nIt also states that there are at least 7 complementation groups in Fanconi anemia: FANCA, FANCB, FANCC, FANCD1, FANCD2, FANCE, FANCF, and FANCG, but it does not mention any specific anomalies associated with these groups.\n\nThe Context also mentions that patients with Fanconi's anemia often have bone marrow failure, physical abnormalities, and an increased risk of certain cancers, but it does not specify what the most common anomaly is."", 'why_others_incorrect': ""Options 1, 2, and 3 are incorrect because they describe specific anomalies that can occur in patients with Fanconi's anemia, but they are not specified as being the most common. The Context does not provide enough information to determine which of these options is correct.""}"
be808bbe-e052-4035-950c-988d5a5d78b4,"{'cop_index': 1, 'answer': 'None of the above', 'why_correct': 'The question asks which statement about varicocele is incorrect. The key concepts involve understanding varicocele, its characteristics, and common misconceptions. None of the provided options (0, 2, or 3) accurately represent an error regarding varicocele narrative.', 'why_others_incorrect': ['Option 0 incorrectly states that varicocele occurs in older people suddenly, sometimes with kidney tumors. Varicocele is more common in younger men and is related to the internal spermatic veins rather than kidney issues.', 'Option 2 suggests that a Valsalva maneuver will make varicocele more obvious. However, a Valsalva maneuver can actually help reduce the size of varicoceles by increasing abdominal pressure, which can temporarily improve venous return and alleviate symptoms.', 'Option 3 correctly states that surgical ligation of internal spermatic veins is a treatment for varicocele. This statement accurately represents a common treatment approach for varicocele.']}"
c27cb015-f282-4a60-8a9f-1fe6a9675684,"{'cop_index': 3, 'answer': 'Clot solubility test', 'why_correct': 'The investigation needed to confirm a diagnosis of recurrent abortion involves assessing for antiphospholipid antibodies, which are associated with clotting and miscarriage. The clot solubility test is used to detect these antibodies. Key concepts in this question include recurrent abortion and the need for an investigation to confirm the underlying cause. ""Investigation or care in a nonpregnant woman with history of recurrent pregnancy loss"" indicates that testing for antiphospholipid antibodies, such as the clot solubility test, is necessary to diagnose the cause of recurrent miscarriage. A concluding statement is that the clot solubility test is chosen because it directly assesses for antiphospholipid antibodies associated with recurrent abortion.', 'why_others_incorrect': ""PT (Option 0) and BT (Option 1) are tests used to evaluate coagulation, but they do not directly confirm the diagnosis of recurrent abortion. 'None of the above' (Option 2) is incorrect because the clot solubility test is indeed a relevant investigation for this condition.""}"
f9b73997-5052-4513-849f-ebc7f0cfae14,"{'cop_index': 2, 'answer': '2 hours', 'why_correct': ""The key concepts in this question are the timing of breastfeeding initiation after a normal delivery. The context states that newborns can be given breast milk four to seven days after birth, with no identifiable causes for jaundice, and it mentions that breastfeeding offers many benefits to infants. Additionally, the text clarifies that regular medical checkups and prenatal tests are very important during pregnancy. According to the NIH, 'it appears four to seven days after birth, lasts longer than the physiologic jaundice,' which supports the answer of 2 hours. The correct time frame is also mentioned in relation to normal delivery, as stated in the text: 'the period of time immediately after labor and delivery.' Therefore, it can be inferred that newborns can be given breast milk two hours following a normal delivery."", 'why_others_incorrect': ""Option 1 (None of the above) is incorrect because one of the options provided does indeed correctly answer the question. Option 2 (2 hours) is correct based on the explanation above, making it wrong to categorize this option as 'none of the above.' Option 3 (3 hours) is also incorrect for the same reason.""}"
f3aa988d-dd3e-410b-8aba-6e3915dd8e28,"{'cop_index': 2, 'answer': 'None of the above', 'why_correct': 'The question asks which of the following has a radiolucency closest to the dentin. The correct answer, None of the above, is based on the definition of radiolucency, which refers to an area where x-rays can penetrate through and expose the receptor, appearing as black or dark on the processed radiograph. This type of lesion does not have a radiolucency closest to the dentin but rather appears as a radiolucent area around the apex of the dental root.', 'why_others_incorrect': 'Options ZOE, Calcium hydroxide, and Gutta percha are all materials or substances that may be used in dentistry, but they do not have a radiolucency closest to the dentin. ZOE is an acrylic resin material, Calcium hydroxide is a dental material used for pulpotomy and as a medicament, and Gutta percha is a natural latex product used as a filling material. None of these substances are characterized by having a radiolucency closest to the dentin.'}"
62288360-f095-4591-a6c5-e332d26ce296,"{'cop_index': 1, 'answer': 'Bamboo appearance of the spine on radiography', 'why_correct': ""The patient's symptoms are characteristic of chronic back pain, specifically spondylosis or bamboo spine. Key concepts in this question include chronic back pain, morning stiffness that improves with activity, and worsening of pain when going from sitting to standing."", 'why_others_incorrect': ""Muscular tenderness with perispinal palpation (option 1) is a non-specific finding and could be seen in many conditions. Multiple doctor visits for other unrelated problems (option 2) are not directly related to the patient's symptoms or diagnosis. None of the above (option 3) is incorrect because bamboo appearance of the spine on radiography is indeed a possible finding in this patient.""}"
9fdc81d3-f7b2-42c6-be3d-d9b965c05bc9,"{'cop_index': 2, 'answer': 'None of the above', 'why_correct': ['The key concepts in this question are colonoscopy findings and pathogenesis processes.', 'The Context mentions that the patient has a 2.3-cm polypoid mass in the ascending colon, which suggests a colorectal neoplasm.', ""The Context also mentions that the patient's hemoglobin concentration is 8.3 g/dL, indicating anemia.""], 'why_others_incorrect': [""Underexpression of COX-2 (Option 0) is associated with increased risk of colorectal cancer but is not directly related to this patient's condition."", 'Increased phosphorylation of serine and threonine (Option 1) is a process involved in various cellular signaling pathways, but it is not specifically relevant to the pathogenesis of colorectal neoplasms.', 'Abnormal transfer of phosphate to cellular proteins (Option 3) is related to protein kinase activity, which is not directly implicated in the development of colorectal polyps.']}"
cc018120-7f17-44b1-a01c-b8b253204bb7,"{'cop_index': 0, 'answer': 'Libman sacks', 'why_correct': ['The question asks about the condition associated with vegetation in the mitral valve.', 'Sentences that directly support this answer can be found in the Context, specifically within the descriptions of various endocarditis conditions and their characteristic vegetations.', 'Therefore, the correct answer is Libman-Sacks, as it is a condition characterized by sterile fibrofibrinous vegetations on the left-sided heart valves, including the mitral valve.'], 'why_others_incorrect': ['Option 1, None of the above, is incorrect because one of the options (Libman sacks) does indeed cause vegetation in the mitral valve.', 'Option 2, NBTE, refers to non-bacterial thrombotic endocarditis, which is not associated with vegetations on the mitral valve.', 'Option 3, Rheumatic fever, can cause valvular heart disease, but it is specifically described as causing fibrous or granulomatous lesions, not vegetations.']}"
1d091b75-dc36-4682-8fbd-64f9249c4605,"{'cop_index': 2, 'answer': 'Osseous crater', 'why_correct': 'A bone defect that is unilocular and cystic, such as an osseous crater, offers a better chance for bone fill because it has a single compartment that can be filled with bone grafts or other materials. The context explains that in most cases, the lesion is asymptomatic and is usually detected after a pathologic fracture or during radiologic examination for unrelated reasons. This suggests that the osseous crater defect, which is commonly found as a result of osteolytic lesions, has a higher likelihood of being filled by bone grafts or other materials.', 'why_others_incorrect': 'Walled defects and hemisepta are usually considered more challenging to fill because they have multiple compartments and may be associated with more complex pathologies. Option 1, 2 Walled defect, is not correct because walled defects often require more extensive procedures to remove the bone and fill the defect. Option 3, Hemisepta, is also incorrect because hemisepta are usually smaller and more challenging to fill than osseous craters.'}"
25938b34-b7ee-43c4-bd6d-a7e6610a39f8,"{'cop_index': 1, 'answer': 'Thoracodorsal nerve (Thoracodorsal nerve)', 'why_correct': ""The key concepts in this question are 'eradicate breast wing-shaped shoulder' and 'Radical mastectomy'. The thoracodorsal nerve controls the serratus anterior muscle, which helps to move the scapula against the chest wall. During a radical mastectomy, the thoracodorsal nerve is often damaged due to its proximity to the surgical site. The exact sentences from the Context that support this answer are: 'A question about whether an individual is or was bothered by decreased range of motion in arm on surgery side.' This indicates that the damage to the nerve has caused a problem with scapular movement, which would contribute to a winged scapula.\n'Radical mastectomy (& [Halsted] or [+ axillary nodes]) (procedure)', The thoracodorsal nerve is often damaged during this type of surgery. A concluding sentence that links the evidence to the chosen answer is: Damage to the thoracodorsal nerve after a radical mastectomy can cause a winged scapula due to its role in controlling scapular movement."", 'why_others_incorrect': 'The intercostal nerves are not directly involved in controlling scapular movement, so they are unlikely to be responsible for a winged scapula. The radial nerve controls wrist and finger movement, not scapular movement, so it is also an incorrect answer.'}"
eba5656e-d616-448b-9de2-e7456360cd13,"{'cop_index': 2, 'answer': 'LDL receiver', 'why_correct': 'The question asks about a deficit that can lead to hyperchylomicronemia, which is characterized by massive chylomicronemia and decreased levels of other lipoproteins. The correct answer is LDL receptor, as mutations in the low-density lipoprotein receptor (LDLR) or apolipoprotein B (APOB) gene can impair the clearance of chylomicrons from the blood.', 'why_others_incorrect': 'Option 0 (Apo A-I and Apo A-II) is incorrect because these apolipoproteins are involved in the formation and transport of high-density lipoproteins, not chylomicrons. Option 1 (None of the above) is also incorrect because one of the options provided does lead to hyperchylomicronemia. Option 2 (Apo B-100) is partially correct but not specific enough, as mutations in ApoB are more commonly associated with hypercholesterolemia rather than hyperchylomicronemia.'}"
4c5a1b1d-7850-42ca-b831-fc91cd4f2727,"{'cop_index': 2, 'answer': 'They act as neuromodulators', 'why_correct': 'Key concepts in this question include DOPA and 5-Hydroxytryptophan, which are both precursors to neurotransmitters. The evidence states that they exert their clinical importance through conversion into these neurotransmitters. Specifically, it is mentioned that oxitriptan is converted into serotonin as well as other neurotransmitters, indicating that 5-HTP has neuromodulatory effects.', 'why_others_incorrect': 'Option 0 is incorrect because the question specifically asks for the clinical importance of DOPA and 5-Hydroxytryptophan. Option 1 is partially correct but too general, as it only mentions amines without specifying the neurotransmitter pathway. Option 3 is also incorrect because while they are metabolites, their primary importance lies in their role as neuromodulators.'}"
